variant_id,predicted_fitness
GFP_S_0001,3.3041286
GFP_S_0002,4.535657
GFP_S_0003,3.956782
GFP_S_0004,4.1509786
GFP_S_0005,4.4509287
GFP_S_0006,3.7850933
GFP_S_0007,3.5777497
GFP_S_0008,3.564186
GFP_S_0009,4.0952682
GFP_S_0010,4.58895
GFP_S_0011,3.5974078
GFP_S_0012,3.868493
GFP_S_0013,4.813147
GFP_S_0014,3.996948
GFP_S_0015,3.9871712
GFP_S_0016,3.2984786
GFP_S_0017,3.9482012
GFP_S_0018,3.3605466
GFP_S_0019,2.6918015
GFP_S_0020,3.3301198
GFP_S_0021,2.5430434
GFP_S_0022,3.2024221
GFP_S_0023,3.4667287
GFP_S_0024,3.7483075
GFP_S_0025,3.4601436
GFP_S_0026,3.992441
GFP_S_0027,3.3346324
GFP_S_0028,3.438835
GFP_S_0029,3.3345108
GFP_S_0030,3.412249
GFP_S_0031,3.3521228
GFP_S_0032,3.1601734
GFP_S_0033,3.3209553
GFP_S_0034,2.3895245
GFP_S_0035,3.03714
GFP_S_0036,2.7294097
GFP_S_0037,2.6413698
GFP_S_0038,3.7974238
GFP_S_0039,3.45895
GFP_S_0040,3.2274768
GFP_S_0041,2.7888937
GFP_S_0042,2.7472112
GFP_S_0043,3.402184
GFP_S_0044,3.9814792
GFP_S_0045,3.729403
GFP_S_0046,3.4112089
GFP_S_0047,2.505527
GFP_S_0048,3.5551865
GFP_S_0049,3.1526513
GFP_S_0050,2.8348806
GFP_S_0051,3.6261706
GFP_S_0052,3.3980992
GFP_S_0053,3.4982266
GFP_S_0054,3.3658078
GFP_S_0055,3.42727
GFP_S_0056,3.239674
GFP_S_0057,3.397735
GFP_S_0058,3.0339086
GFP_S_0059,2.669755
GFP_S_0060,3.7027817
GFP_S_0061,3.8433497
GFP_S_0062,3.674841
GFP_S_0063,3.8587012
GFP_S_0064,3.623007
GFP_S_0065,3.3411844
GFP_S_0066,3.332277
GFP_S_0067,3.1876273
GFP_S_0068,3.6295075
GFP_S_0069,3.7466166
GFP_S_0070,2.709275
GFP_S_0071,2.8782945
GFP_S_0072,3.4196172
GFP_S_0073,3.304977
GFP_S_0074,3.7043476
GFP_S_0075,3.3554015
GFP_S_0076,3.0152617
GFP_S_0077,2.1860404
GFP_S_0078,3.0989585
GFP_S_0079,3.0810606
GFP_S_0080,2.6049728
GFP_S_0081,3.1628032
GFP_S_0082,3.316582
GFP_S_0083,3.491968
GFP_S_0084,2.733919
GFP_S_0085,3.065556
GFP_S_0086,2.7588036
GFP_S_0087,3.545566
GFP_S_0088,3.9991536
GFP_S_0089,3.0646145
GFP_S_0090,2.445714
GFP_S_0091,3.5467317
GFP_S_0092,3.5061758
GFP_S_0093,2.9257636
GFP_S_0094,2.8506815
GFP_S_0095,2.9389384
GFP_S_0096,2.9218307
GFP_S_0097,2.832
GFP_S_0098,2.7518172
GFP_S_0099,2.6855803
GFP_S_0100,2.761521
GFP_S_0101,2.8897872
GFP_S_0102,3.2141595
GFP_S_0103,3.5932946
GFP_S_0104,3.5609024
GFP_S_0105,2.7845078
GFP_S_0106,2.9527252
GFP_S_0107,3.1158555
GFP_S_0108,3.8928568
GFP_S_0109,3.5015194
GFP_S_0110,3.4851182
GFP_S_0111,3.940033
GFP_S_0112,3.7921672
GFP_S_0113,3.6665084
GFP_S_0114,2.931599
GFP_S_0115,3.65559
GFP_S_0116,2.9780045
GFP_S_0117,3.0094705
GFP_S_0118,2.7259817
GFP_S_0119,3.4515576
GFP_S_0120,4.003718
GFP_S_0121,3.8610697
GFP_S_0122,2.738505
GFP_S_0123,2.8842306
GFP_S_0124,3.3529046
GFP_S_0125,3.4987204
GFP_S_0126,3.5867736
GFP_S_0127,3.7984488
GFP_S_0128,3.5450528
GFP_S_0129,2.5153844
GFP_S_0130,3.5854597
GFP_S_0131,3.7215965
GFP_S_0132,3.6433797
GFP_S_0133,3.8951542
GFP_S_0134,3.3012428
GFP_S_0135,3.3009925
GFP_S_0136,2.5372658
GFP_S_0137,3.0430057
GFP_S_0138,3.543212
GFP_S_0139,3.7057033
GFP_S_0140,3.6769443
GFP_S_0141,3.7501962
GFP_S_0142,3.6059246
GFP_S_0143,3.6136003
GFP_S_0144,3.1566823
GFP_S_0145,3.562736
GFP_S_0146,3.3564968
GFP_S_0147,3.484221
GFP_S_0148,3.6366892
GFP_S_0149,3.5431192
GFP_S_0150,3.347759
GFP_S_0151,3.4573965
GFP_S_0152,3.3192942
GFP_S_0153,3.5108814
GFP_S_0154,3.4985123
GFP_S_0155,2.8056822
GFP_S_0156,3.1292431
GFP_S_0157,3.0455074
GFP_S_0158,3.8204987
GFP_S_0159,3.6300488
GFP_S_0160,3.0395272
GFP_S_0161,3.5995898
GFP_S_0162,3.66762
GFP_S_0163,3.5744765
GFP_S_0164,3.2584138
GFP_S_0165,3.1577585
GFP_S_0166,2.9716492
GFP_S_0167,3.0305266
GFP_S_0168,2.8602061
GFP_S_0169,2.8093114
GFP_S_0170,2.5010695
GFP_S_0171,3.146618
GFP_S_0172,3.8964562
GFP_S_0173,3.2751691
GFP_S_0174,3.705875
GFP_S_0175,4.142759
GFP_S_0176,4.1746416
GFP_S_0177,3.637228
GFP_S_0178,3.7455163
GFP_S_0179,2.7887466
GFP_S_0180,3.7745962
GFP_S_0181,2.3695698
GFP_S_0182,2.8324895
GFP_S_0183,3.5857458
GFP_S_0184,3.7017298
GFP_S_0185,3.4596658
GFP_S_0186,3.6783657
GFP_S_0187,3.4848046
GFP_S_0188,3.3118448
GFP_S_0189,2.6229777
GFP_S_0190,2.5568037
GFP_S_0191,3.6259625
GFP_S_0192,3.2897182
GFP_S_0193,3.3301911
GFP_S_0194,3.7535367
GFP_S_0195,3.551975
GFP_S_0196,3.986388
GFP_S_0197,3.4957168
GFP_S_0198,4.0639944
GFP_S_0199,3.55858
GFP_S_0200,3.6331563
GFP_S_0201,3.172857
GFP_S_0202,3.38127
GFP_S_0203,3.3756285
GFP_S_0204,3.6343613
GFP_S_0205,3.190632
GFP_S_0206,2.8420863
GFP_S_0207,2.9090424
GFP_S_0208,3.2591586
GFP_S_0209,3.281787
GFP_S_0210,3.666128
GFP_S_0211,3.394703
GFP_S_0212,3.164107
GFP_S_0213,3.5653996
